eCommerce Marketing Certification,$19.99,0.0,"https://www.udemy.com/course/ecommerce-marketing-certification/?couponCode=TIMEFORCHANGE
"
The Complete Fitness & Health Masterclass - 21 Courses in 1,$134.99,3.7,"https://www.udemy.com/course/the-complete-fitness-health-masterclass/?couponCode=3EDE5A05CDBE79F4A449
"
How To Start A T-Shirt Business Online,$134.99,4.0,"https://www.udemy.com/course/how-to-start-a-t-shirt-business-online/?couponCode=STAYHOMENEW822020
"
Python for Beginners - Basics to Advanced,$19.99,5.0,"https://www.udemy.com/course/python-programming-beginner-to-advanced/?couponCode=AUG2020FREE
"
Learn XML-AJAX - For Beginners,$99.99,4.0,"https://www.udemy.com/course/learn-xml-ajax-for-beginners/?couponCode=YOUACCELAUG4U
"
Managerial Accounting / Cost Accounting,$134.99,4.5,"https://www.udemy.com/course/managerial-accounting-cost-accounting/?couponCode=D0401E00E270B8BEC6F5
"
The Little Things Do Matter,$29.99,3.6,"https://www.udemy.com/course/the-little-things-matter/?couponCode=SPECIALGIFT
"
Curso Excel y Power BI – Análisis y Visualización de Datos,$64.99,4.6,"https://www.udemy.com/course/curso-tutorial-aprender-como-usar-power-bi-excel-ejercicios-practicos/?couponCode=AGO20-2
"
Professional Scrum Master certification Practice Tests PSM1,$19.99,0.0,"https://www.udemy.com/course/professional-scrum-master-certification-practice-tests-psm1/?couponCode=C663F497F9CE80A8D0DF
"
Learn MySQL - For Beginners,$99.99,4.2,"https://www.udemy.com/course/learn-mysql-for-beginners/?couponCode=YOUACCELAUG4U
"
Adobe Premiere Pro CC 2020: Video Editing for Beginners,$94.99,5.0,"https://www.udemy.com/course/premiere-pro-with-brad-newton/?couponCode=AUGUST_LEARN_EDITING
"
Adobe Audition CC 2020,$134.99,4.0,"https://www.udemy.com/course/adobe-audition-cc-2020-master-course/?couponCode=TRY10FREE94
"
Master Budgets – Managerial Accounting/Cost Accounting,$134.99,4.0,"https://www.udemy.com/course/master-budgets-managerial-accountingcost-accounting/?couponCode=953488B11FC50E4DAFBC
"
x64dbg Debugger for Reverse Engineering Beginners,$19.99,4.0,"https://www.udemy.com/course/x64dbg-debugger/?couponCode=XDBG_AUG21
"
Adobe After Effects CC 2020,$134.99,4.1,"https://www.udemy.com/course/adobe-after-effects-cc-2020/?couponCode=TRY10FREE94
"
QuickBooks Online-Bookkeeping Business-Easy Way,$134.99,3.9,"https://www.udemy.com/course/quickbooks-online-2019-bookkeeping-business-easy-way/?couponCode=52516207EFB5575DD9DA
"
Stock Trading Momentum Based Strategies - Technical Analysis,$19.99,4.4,"https://www.udemy.com/course/momentum-indicators-rsi-stoch-williamr-tsi-mfi/?couponCode=2AUG20
"
Learn Deferred Taxes through Case Studies,$29.99,4.3,"https://www.udemy.com/course/learn-deferred-taxes-through-case-studies/?couponCode=AUGFRC
"
Designing Landing Pages in Figma: Techniques and Processes,$19.99,4.2,"https://www.udemy.com/course/designing-landing-pages-in-figma-techniques-and-processes/?couponCode=65741F0741DCFC77A28C
"
English Grammar tenses & structures,$134.99,4.3,"https://www.udemy.com/course/english-grammar-course-tenses-structures/?couponCode=AUGUSTFOUR
"
How to Make Passive Income with Facebook Videos,$134.99,4.0,"https://www.udemy.com/course/facebook-video-ad-break-how-to-make-passive-income-with-facebookvideo/?couponCode=STAYHOMENEW822020
"
Learn JavaScript - For Beginners,$99.99,4.1,"https://www.udemy.com/course/learn-javascript-for-beginners-v/?couponCode=YOUACCELAUG4U
"
Bootstrap 5 Course: The Complete Guide (Step by Step),$74.99,0.0,"https://www.udemy.com/course/the-complete-bootstrap-5-course-for-beginners-step-by-step/?couponCode=BC53DOFF
"
Media Training for Doctors/Healthcare Pros: Master the Media,"$10,000 Guarantee This Course Will Make You a Better Communicator",4.5,"https://www.udemy.com/course/media-training-for-doctors-and-healthcare-professionals/?couponCode=763BAE51D8682ECAF9C8
"
Learn PHP - For Beginners,$99.99,4.2,"https://www.udemy.com/course/learn-php-for-beginners-n/?couponCode=YOUACCELAUG4U
"
Android Application Engineer Practice Exam For 2020,$34.99,4.6,"https://www.udemy.com/course/android-application-engineer-practice-exam-for-2018/?couponCode=41F4E2E9298EDBEC16AC
"
Docker Course for Beginners,$19.99,4.0,"https://www.udemy.com/course/docker-container-course-for-beginners/?couponCode=AUG2020FREE
"
The Complete Resilience Course - Master Emotional Resiliency,$134.99,4.6,"https://www.udemy.com/course/the-complete-resilience-course-master-emotional-resiliency/?couponCode=0F96982CB58EF4F40A16
"
Microsoft OneDrive 2020 - For Beginners,$99.99,3.4,"https://www.udemy.com/course/learn-microsoft-onedrive/?couponCode=0F44F1576070F8C0EBA9
"
Statistics with R - Beginner Level,$29.99,4.1,"https://www.udemy.com/course/statistics-with-r-beginner-level/?couponCode=COLLABORATION
"
Start Making Passive Income Online: The Complete Bundle,$134.99,4.0,"https://www.udemy.com/course/how-to-make-money-passive-income-online-bundle-find-job-money/?couponCode=STAYHOMENEW822020
"
How To Boost Your Immune System To Help Resist COVID-19,$19.99,4.2,"https://www.udemy.com/course/how_to_boost_your_immune_system_to_help_resist_covid-19/?couponCode=HELP_DEFEAT_COVID-19
"
Microsoft Planner 2020 - The Ultimate Course,$99.99,0.0,"https://www.udemy.com/course/learn-microsoft-planner-the-ultimate-course/?couponCode=0D17AA48E47D0D779689
"
The Guide to Freelancing in the Modern Gig Economy,$99.99,4.5,"https://www.udemy.com/course/how-to-be-a-successful-freelancer-in-the-modern-gig-economy/?couponCode=3F553CD1F4275E56003D
"
Python for beginners - Learn all the basics of python,$94.99,4.2,"https://www.udemy.com/course/python-for-beginners-learn-all-the-basics-of-python/?couponCode=DCF2475D2A3D3DA27745
"
The complete forex course from scratch to professional,$134.99,3.5,"https://www.udemy.com/course/the-complete-forex-course-from-scratch-to-professional/?couponCode=54B05F9163BF9BB80222
"
English Writing Basics: Learn to Write Sentences in English,$19.99,0.0,"https://www.udemy.com/course/english-writing-basics-learn-to-write-sentences-in-english-j/?couponCode=3DAYDIC-DUETO1DAY
"
Business Intelligence: Python and Programming Essentials.,$94.99,0.0,"https://www.udemy.com/course/python-banking-oriented/?couponCode=9B7E6EE36C2057A39C38
"
Business Analytics Course 2020,$134.99,4.0,"https://www.udemy.com/course/best-data-science-business-analytics-course/?couponCode=BUSINESS22
"
QuickBooks Desktop vs Sage 50cloud Accounting 2020,$134.99,3.9,"https://www.udemy.com/course/quickbooks-desktop-vs-sage-50cloud-accounting-2020/?couponCode=FAC1FB3ADEBCABCAB3E9
"
Ultimate Excel Training Course - Intro to Advanced Pro,$134.99,4.4,"https://www.udemy.com/course/ultimate-excel-training-course-intro-to-advanced-pro/?couponCode=CRUSHEXCEL
"
Process Costing System-Cost Accounting-Managerial Accounting,$134.99,4.7,"https://www.udemy.com/course/process-costing-system-cost-accounting-managerial-accounting/?couponCode=08EE37E4BDF3C9307BE5
"
Adobe Photoshop CC 2020,$134.99,4.2,"https://www.udemy.com/course/adobe-photoshop-cc-2020-master-course/?couponCode=TRY10FREE94
"
DevOps Fundamentals,$19.99,4.0,"https://www.udemy.com/course/devops-fundamentals-for-beginners/?couponCode=AUG2020FREE
"
"Complete SQL Bootcamp with MySQL, PHP & Python",$134.99,4.1,"https://www.udemy.com/course/complete-sql-bootcamp-with-mysql-php-python/?couponCode=SQLBOOTCAMPAUG2020
"
"Cisco CCNP ENCOR (350-401) - Architecture, Virtualization",$89.99,0.0,"https://www.udemy.com/course/learn-ccna-cisco/?couponCode=9A9E47000D541BA2BD99
"
Adobe Animate CC 2020,$134.99,3.7,"https://www.udemy.com/course/adobe-animate-cc-2020-master-course/?couponCode=TRY10FREE94
"
Windows Deployment Services (WDS) on Windows Server 2019,$19.99,0.0,"https://www.udemy.com/course/windows-deployment-services-wds-windows-server-2019/?couponCode=AUGUST2020
"
Listening Skills - The Ultimate Workplace Soft Skills,$149.99,4.3,"https://www.udemy.com/course/listening-skills-the-ultimate-workplace-soft-skills/?couponCode=8978566EB43221AA7FDD
"
"Winning Communication Skills for Telephone, Conference Calls",$134.99,4.3,"https://www.udemy.com/course/telephone-conference-calls-workplace-communication-skills/?couponCode=86E409F4B6B86CCDF49B
"
Affiliate Marketing A Set and Forget Passive Income Method,$134.99,3.8,"https://www.udemy.com/course/how-to-make-money-using-flight-booking-and-hotel-affiliation/?couponCode=STAYHOMENEW822020
"
"Fire, Water, Wind, Earth and Spirit in Yoga",$134.99,0.0,"https://www.udemy.com/course/yoga-character-growth/?couponCode=EXP0823
"
SEO link Building Course,$19.99,2.6,"https://www.udemy.com/course/seo-link-building-course/?couponCode=5A00E28E9F0FA9BA3BA8
"
"NGINX, Apache, SSL Encryption - Certification Course",$134.99,4.2,"https://www.udemy.com/course/nginx-apache-ssl-encryption-certification-course/?couponCode=YOUACCELAUGLUV
"
"Natural Language Processing, Deploy on Cloud(AWS) [Hindi]",$19.99,3.3,"https://www.udemy.com/course/natural-language-processing-python/?couponCode=INTRODUCTORYOFFER
"
Adobe Premiere Pro CC 2020,$134.99,4.1,"https://www.udemy.com/course/adobe-premiere-pro-cc-2020/?couponCode=TRY10FREE94
"
Yoast SEO: Write a SEO Optimized Articles in 10 Minutes,$134.99,3.5,"https://www.udemy.com/course/write-seo-optimized-articles-that-rank1st-in-search-engine/?couponCode=STAYHOMENEW822020
"
HTML5 - Basics to Advanced,$19.99,4.4,"https://www.udemy.com/course/html-basic-to-advanced/?couponCode=AUG2020FREE
"
Complete Guide to Pinterest & Pinterest Growth 2020,$99.99,5.0,"https://www.udemy.com/course/pinheroes/?couponCode=9E0DA49CED3694DF691D
"
Learn Visual Studio Code,$134.99,3.9,"https://www.udemy.com/course/learn-visual-studio-code-v/?couponCode=TRY10FREE94
"
Java Programming: Complete Beginner to Advanced,$134.99,4.3,"https://www.udemy.com/course/java-programming-complete-beginner-to-advanced/?couponCode=3048983SSGT
"
Selenium Testing Framework con Python ¡De novato a experto!,$19.99,4.2,"https://www.udemy.com/course/test-automation-con-python-desde-rookie-hasta-experto/?couponCode=AUGUSTGOOD_UNLIMITED
"
Deploy Your Web App to the Apple App Store with Capacitor,$19.99,0.0,"https://www.udemy.com/course/app-store-deployment/?couponCode=C2E1580622077A0434AB
"
RoboAuthor: Content Writing Automation 2020 - Part 1,$19.99,3.8,"https://www.udemy.com/course/roboauthor-content-writing-automation-2019-part-1/?couponCode=FIRSTTRY
"
Public Speaking: Be a Professional Speaker,$134.99,4.5,"https://www.udemy.com/course/how-to-be-a-professional-speaker/?couponCode=BAF587315DB625ED174C
"
How the Internet Works & the Web Development Process,$99.99,4.1,"https://www.udemy.com/course/how-the-internet-works-the-web-development-process/?couponCode=YOUACCELAUGLUV
"
Step by Step Guide for Javascript - Basics to Advanced,$19.99,4.2,"https://www.udemy.com/course/javascript-basics-to-advanced/?couponCode=AUG2020FREE
"
Adobe Dreamweaver CC 2020,$134.99,3.7,"https://www.udemy.com/course/adobe-dreamweaver-cc-2020-master-course/?couponCode=TRY10FREE94
"
Programming Network Applications in Java,$49.99,4.3,"https://www.udemy.com/course/programming-network-applications-in-java/?couponCode=FREEBIESGLOBAL.COM
"
Tax & Adjusting Entry Year-End Accounting Excel Worksheet,$134.99,4.3,"https://www.udemy.com/course/tax-adjusting-entry-year-end-accounting-excel-worksheet/?couponCode=B66B177E1B440C5566D7
"
MATLAB desde Cero,$134.99,4.3,"https://www.udemy.com/course/matlab-desde-cero-practico/?couponCode=MATLABAGOSTO
"
Cost Volume Profit Analysis (CVP) – Managerial Accounting,$134.99,4.2,"https://www.udemy.com/course/cost-volume-profit-analysis-cvp-managerial-accounting/?couponCode=A8CB00370E85F360CBEA
"
Learn 4 STEPS to Make Money Online by Blogging!,$134.99,3.9,"https://www.udemy.com/course/make-money-online-blogging/?couponCode=9B4CCC78E262420E08AB
"
Anyone can Design: Graphic Design Certification,$19.99,3.9,"https://www.udemy.com/course/anyone-can-design-create-awesome-graphics-for-social-media/?couponCode=LEGENDUNITES
"
The FREE Photoshop: Turn GIMP Into Photoshop in No Time,$134.99,3.9,"https://www.udemy.com/course/get-free-photoshop-master-photo-editing-with-gimp/?couponCode=STAYHOMENEW822020
"
Learn CSS - For Beginners,$99.99,4.2,"https://www.udemy.com/course/learn-css-for-beginners/?couponCode=YOUACCELAUG4U
"
SCRUM MASTER ONE - Practice Tests - 2020,$19.99,4.3,"https://www.udemy.com/course/scrum-master-1-practice-tests/?couponCode=PSMAUGFREE
"
Lean Management in 2020: Agile + Kanban with 7+ Tools & Tips,$134.99,3.5,"https://www.udemy.com/course/lean-management-a/?couponCode=LEAN22
"
Introduction to Forex- learn to trade forex by yourself,$134.99,4.0,"https://www.udemy.com/course/introduction-to-forex-learn-to-trade-forex-by-yourself/?couponCode=73116F485AA61F75C76D
"
Java Programming for Complete Stranger in Tamil,$134.99,0.0,"https://www.udemy.com/course/java-programming-for-complete-stranger-in-tamil/?couponCode=EB5DB553994FDB56157B
"
LumaFusion Guide - LumaFusion 2.2+ for Complete Beginners V2,$49.99,3.8,"https://www.udemy.com/course/ultimate-guide-to-lumafusion-2-for-complete-beginners/?couponCode=96000912A312AA7A3D0A
"
Agile Project Management 200+ Tools with Kanban Scrum Devops,$134.99,3.8,"https://www.udemy.com/course/agile-project-management-certification-scrumkanbandevops/?couponCode=AGILE81
"
The Complete Practical Touch Typing Course,$99.99,4.0,"https://www.udemy.com/course/how-to-type-like-a-pro/?couponCode=488B681D9D6321D01108
"
Effektive Geschäftsführung und Unternehmer Mindset lernen,$99.99,4.0,"https://www.udemy.com/course/unternehmer-mindest/?couponCode=5F1E6CCA0AB10C5986BD
"
Certified CIW Web Developer Specialist Practice Tests 2020,$34.99,4.4,"https://www.udemy.com/course/certified-ciw-web-developer-specialist-practice-tests-2018/?couponCode=F15D80E71CB984659052
"
OBS Studio - Ultimate Livestreaming Guide to OBS Studio,$49.99,4.2,"https://www.udemy.com/course/ultimate-beginners-guide-to-open-broadcaster-softwareobs/?couponCode=52470A7C59DA28F58519
"
"Neuroscience for Parents: Happy parents, happier kids",$134.99,0.0,"https://www.udemy.com/course/neuroscience-for-parents-happy-parents-happier-kids/?couponCode=BTS2020
"
Cyber Security Skills Test With Explanation,$19.99,0.0,"https://www.udemy.com/course/cyber-security-skills-test-with-explanation/?couponCode=TESTNOW
"
The Complete Law Of Attraction Course Updated for the 2020s,$134.99,4.5,"https://www.udemy.com/course/the-complete-law-of-attraction-course-updated-for-the-2020s/?couponCode=312A7646ACF38E7469A5
"
QuickBooks Online Vs Xero Not for Profit Organization,$134.99,2.5,"https://www.udemy.com/course/quickbooks-online-vs-xero-not-for-profit-organization/?couponCode=BD3204114EECA09169FE
"
"How to create stunning marketing video Using free,paid tools",$19.99,4.2,"https://www.udemy.com/course/how-to-create-business-marketing-video/?couponCode=156954057D50C533BF93
"
Adobe Creative Cloud 2020,$134.99,4.4,"https://www.udemy.com/course/adobe-creative-cloud-master-course/?couponCode=TRY10FREE94
"
XML Master Professional Practice Tests 2020,$34.99,0.0,"https://www.udemy.com/course/xml-master-professional-practice-tests-2018-get-certifying/?couponCode=C75CEEF8C09C94C68A4F
"
"QuickBooks Online 2020, 2019 & 2018 Start to Finish",$169.99,4.5,"https://www.udemy.com/course/quickbooks-online-2018-start-to-finish/?couponCode=199BB0DC9B613F38BCAA
"
Adobe Illustrator CC 2020,$134.99,4.1,"https://www.udemy.com/course/adobe-illustrator-cc-2020-master-course/?couponCode=TRY10FREE94
"
AWS Services for Solutions Architect Associates,$19.99,4.3,"https://www.udemy.com/course/aws-services-for-solutions-architect-associates-course/?couponCode=AUG2020FREE
"
Best Techniques to Drive Traffic to Your Website,$134.99,4.0,"https://www.udemy.com/course/traffic-website-best-techniques-to-drive-traffic-to-your-website/?couponCode=STAYHOMENEW822020
"
Microsoft Excel - Learn MS EXCEL For DATA Analysis,$59.99,4.1,"https://www.udemy.com/course/microsoft-excel-learn-ms-excel-for-data-analysis/?couponCode=A65463AFE287D36FA249
"
How to Make Passive Income without experience or a Website,$134.99,3.7,"https://www.udemy.com/course/how-to-make-passive-income-without-experience-or-a-website/?couponCode=STAYHOMENEW822020
"
Fresher Hiring the Complete guide : Best Hiring Practices,$19.99,0.0,"https://www.udemy.com/course/campus-hiring-the-complete-end-to-end-guide/?couponCode=CC07D99EE8B2C7104D30
"
WordPress: Make A Professional Website With No Coding,$134.99,3.9,"https://www.udemy.com/course/wordpress-make-a-professional-website-with-no-coding/?couponCode=STAYHOMENEW822020
"
Learn Cinema 4D: Low Poly Tree,$49.99,4.4,"https://www.udemy.com/course/low-poly-art-create-an-abstract-tree/?couponCode=632AA867C95BC52C77D4
"
Learn Bootstrap - For Beginners,$99.99,4.3,"https://www.udemy.com/course/learn-bootstrap-for-beginners/?couponCode=YOUACCELAUG4U
"
Learn HTML - For Beginners,$99.99,4.3,"https://www.udemy.com/course/learn-html-for-beginners/?couponCode=YOUACCELAUG4U
"
Practical Web Development: 22 Courses in 1,$134.99,4.2,"https://www.udemy.com/course/the-complete-web-development-course/?couponCode=PRACTICALWEBAUG2020
"
Certified CIW JavaScript Developer Specialist For 2020,$34.99,3.8,"https://www.udemy.com/course/certified-ciw-javascript-developer-specialist-for-2018/?couponCode=8F0336355659214F499A
"
AI for CEOs,$19.99,4.6,"https://www.udemy.com/course/the-ai-ceo/?couponCode=77F8E02138277C46EE52
"
"Introduction and Comparing of HSK with IB, IGCSE Chinese etc",$29.99,0.0,"https://www.udemy.com/course/introduction-and-comparing-of-hsk-with-ib-igcse-chinese-etc/?couponCode=0BF20FBC09B4C18C4230
"
Adobe InDesign CC 2020,$134.99,3.8,"https://www.udemy.com/course/adobe-indesign-cc-2020-master-course/?couponCode=TRY10FREE94
"
Tableau Training: Master Tableau For Data Science,$134.99,4.2,"https://www.udemy.com/course/tableau-training-master-tableau-for-data-science/?couponCode=TABLEAU22
"
Online Course Creation: Complete Course of Blunders to Avoid,$19.99,4.5,"https://www.udemy.com/course/online-course-creation-complete-course-of-blunders-to-avoid/?couponCode=493158553FA417107A4B
"
Learn jQuery - For Beginners,$99.99,4.3,"https://www.udemy.com/course/learn-jquery-for-beginners/?couponCode=YOUACCELAUG4U
"
Adobe Lightroom For Beginners : Complete Photo/Image Editing,$134.99,4.2,"https://www.udemy.com/course/mastering-adobe-lightroom/?couponCode=LIGHTROOMAUG2020
"
"Successful Job Interview Strategies, Interview Preparation",$19.99,4.2,"https://www.udemy.com/course/get-your-dream-job-now-l/?couponCode=E604B9375C7D6B001BF1
"
